"Flume","Treatment","Type","Family","d15N","perc_N","d13C","perc_C","C_N","Concd15N","Concd13C"
"Flume 1","ALAN + Crayfish","Prey","Tanypodinae",8.43916666666667,11.4144075933072,-26.0214166666667,44.5693082510116,3.90465364817924,0.114144075933072,0.445693082510116
"Flume 1","ALAN + Crayfish","Prey","Tanypodinae",8.41016666666667,11.4980904978499,-25.9614166666667,44.6136299068407,3.88009034327773,0.114980904978499,0.446136299068407
"Flume 1","ALAN + Crayfish","Prey","Tanypodinae",8.53216666666667,11.6046094850731,-25.9174166666667,44.8649533108003,3.86613210625567,0.116046094850731,0.448649533108003
"Flume 2","Crayfish","Prey","Tanypodinae",8.75916666666667,11.1228495950665,-25.3594166666667,45.0613721192724,4.05124349962073,0.111228495950665,0.450613721192724
"Flume 2","Crayfish","Prey","Tanypodinae",8.69416666666667,11.0621848037331,-25.3644166666667,44.9879932642306,4.0668271288551,0.110621848037331,0.449879932642306
"Flume 2","Crayfish","Prey","Tanypodinae",8.74416666666667,11.0783383455949,-25.3304166666667,44.4737716270452,4.01448035252772,0.110783383455949,0.444737716270452
"Flume 3","ALAN","Prey","Tanypodinae",8.43516666666667,11.4952304047941,-25.6544166666667,45.307537483628,3.9414205621083,0.114952304047941,0.45307537483628
"Flume 3","ALAN","Prey","Tanypodinae",8.47516666666667,11.545487554727,-25.6144166666667,45.1397576181966,3.9097316076284,0.11545487554727,0.451397576181966
"Flume 3","ALAN","Prey","Tanypodinae",9.09916666666667,11.41496093518,-25.5734166666667,45.3247623157597,3.97064541640893,0.1141496093518,0.453247623157597
"Flume 4","Control","Prey","Tanypodinae",8.62416666666667,2.68122249189375,-25.7694166666667,12.0316324008898,4.48736814541335,0.0268122249189375,0.120316324008898
"Flume 4","Control","Prey","Tanypodinae",8.81116666666667,10.298645618692,-25.6214166666667,45.0378551877327,4.37318234409282,0.10298645618692,0.450378551877327
"Flume 4","Control","Prey","Tanypodinae",8.81516666666667,10.2726085828152,-25.6354166666667,44.9063241581685,4.37146259357054,0.102726085828152,0.449063241581685
"Flume 5","Crayfish","Prey","Tanypodinae",8.58816666666667,9.71881516208382,-24.9914166666667,41.5306179240607,4.27321820936412,0.0971881516208382,0.415306179240607
"Flume 5","Crayfish","Prey","Tanypodinae",8.58816666666667,10.5214011039257,-24.9694166666667,45.0631453622954,4.28299852055651,0.105214011039257,0.450631453622954
"Flume 5","Crayfish","Prey","Tanypodinae",8.69816666666667,10.7067202660171,-24.8834166666667,44.4039850943423,4.14730038621442,0.107067202660171,0.444039850943423
"Flume 6","ALAN","Prey","Tanypodinae",8.46016666666667,10.6512802245445,-25.8724166666667,44.9890271056996,4.22381405401653,0.106512802245445,0.449890271056996
"Flume 6","ALAN","Prey","Tanypodinae",8.50916666666667,10.7072933286695,-25.9174166666667,44.7675514798929,4.18103344194605,0.107072933286695,0.447675514798929
"Flume 6","ALAN","Prey","Tanypodinae",8.67916666666667,9.69289867430554,-25.5144166666667,38.5086372565012,3.97287112456689,0.0969289867430554,0.385086372565012
"Flume 7","Control","Prey","Tanypodinae",8.37816666666667,11.4499026763815,-24.6704166666667,45.1215617752771,3.94078124946446,0.114499026763815,0.451215617752771
"Flume 7","Control","Prey","Tanypodinae",8.39216666666667,11.5736900095333,-24.6844166666667,45.220244011949,3.90715873456961,0.115736900095333,0.45220244011949
"Flume 7","Control","Prey","Tanypodinae",8.40716666666667,11.5550353121374,-24.7934166666667,45.2400854943137,3.91518366428473,0.115550353121374,0.452400854943137
"Flume 8","ALAN + Crayfish","Prey","Tanypodinae",7.71816666666667,11.4453854578217,-26.0854166666667,45.0532320015331,3.93636650924184,0.114453854578217,0.450532320015331
"Flume 8","ALAN + Crayfish","Prey","Tanypodinae",7.72916666666667,11.2934585056809,-26.0714166666667,44.9660256382325,3.9815992253935,0.112934585056809,0.449660256382325
"Flume 8","ALAN + Crayfish","Prey","Tanypodinae",7.65016666666667,10.8184538527,-25.9964166666667,44.3280648499297,4.09744917836542,0.108184538527,0.443280648499297
"Flume 9","ALAN","Prey","Tanypodinae",9.13316666666667,10.6041636087529,-25.8004166666667,44.2504578882078,4.17293239908924,0.106041636087529,0.442504578882078
"Flume 9","ALAN","Prey","Tanypodinae",9.09716666666667,10.6655221075076,-25.7074166666667,44.8754553571709,4.20752541739916,0.106655221075076,0.448754553571709
"Flume 9","ALAN","Prey","Tanypodinae",9.17516666666667,10.5443807422808,-25.7254166666667,43.8416439925575,4.15782065007967,0.105443807422808,0.438416439925575
"Flume 10","Control","Prey","Tanypodinae",8.35516666666667,11.0163710161072,-24.2034166666667,44.2028794278188,4.01247192593541,0.110163710161072,0.442028794278188
"Flume 10","Control","Prey","Tanypodinae",8.32416666666667,11.0535726233049,-24.2194166666667,44.4588780365352,4.02212746517808,0.110535726233049,0.444588780365352
"Flume 10","Control","Prey","Tanypodinae",8.43021428571429,11.1905659582245,-24.3219285714286,44.629792936326,3.98816227015985,0.111905659582245,0.44629792936326
"Flume 11","ALAN + Crayfish","Prey","Tanypodinae",8.65521428571429,11.3986081459752,-25.0999285714286,45.1976912294449,3.96519387723701,0.113986081459752,0.451976912294449
"Flume 11","ALAN + Crayfish","Prey","Tanypodinae",8.52721428571428,11.1425367879556,-25.0929285714286,45.1098156317873,4.04843317910767,0.111425367879556,0.451098156317873
"Flume 11","ALAN + Crayfish","Prey","Tanypodinae",8.50121428571429,10.9217522148165,-25.0919285714286,45.3954249830093,4.15642326342338,0.109217522148165,0.453954249830093
"Flume 12","Crayfish","Prey","Tanypodinae",8.39721428571429,10.6427286062406,-24.9439285714286,45.2338979332193,4.25021623746898,0.106427286062406,0.452338979332193
"Flume 12","Crayfish","Prey","Tanypodinae",8.35721428571429,10.8391479122141,-25.0179285714286,45.0652633312064,4.1576389303097,0.108391479122141,0.450652633312064
"Flume 12","Crayfish","Prey","Tanypodinae",8.30521428571429,11.3282011331932,-25.1009285714286,45.3192848036415,4.0005720476528,0.113282011331932,0.453192848036415
"Flume 13","Control","Prey","Tanypodinae",8.85621428571429,10.715821592963,-25.5479285714286,45.8383831415273,4.27763589976422,0.10715821592963,0.458383831415273
"Flume 13","Control","Prey","Tanypodinae",8.83921428571429,10.6561180984934,-25.5339285714286,45.3169209016315,4.25266691704916,0.106561180984934,0.453169209016315
"Flume 13","Control","Prey","Tanypodinae",8.81121428571429,11.0371208764417,-25.4839285714286,46.790475979558,4.23937333869655,0.110371208764417,0.46790475979558
"Flume 14","ALAN + Crayfish","Prey","Tanypodinae",8.39321428571429,11.4507042766054,-25.6019285714286,45.2846808985362,3.95475071267503,0.114507042766054,0.452846808985362
"Flume 14","ALAN + Crayfish","Prey","Tanypodinae",8.41121428571429,11.538755943623,-25.5629285714286,45.2320691075649,3.9200126364197,0.11538755943623,0.452320691075649
"Flume 14","ALAN + Crayfish","Prey","Tanypodinae",8.41821428571428,11.4960449493432,-25.5999285714286,44.9121369996425,3.90674681575671,0.114960449493432,0.449121369996425
"Flume 15","Crayfish","Prey","Tanypodinae",8.62721428571429,11.1780944705801,-25.6049285714286,45.3235872880655,4.05467921275436,0.111780944705801,0.453235872880655
"Flume 15","Crayfish","Prey","Tanypodinae",8.63021428571429,11.1845555419238,-25.6269285714286,45.2212088268758,4.04318335738691,0.111845555419238,0.452212088268758
"Flume 15","Crayfish","Prey","Tanypodinae",8.60821428571429,11.1705981447266,-25.6009285714286,44.8443608881036,4.01449951981968,0.111705981447266,0.448443608881036
"Flume 16","ALAN","Prey","Tanypodinae",8.45521428571429,10.8770248716538,-25.0819285714286,44.6303859533626,4.10317954403802,0.108770248716538,0.446303859533626
"Flume 16","ALAN","Prey","Tanypodinae",8.30521428571429,10.8999725603348,-25.3359285714286,45.2461008628087,4.15102887758268,0.108999725603348,0.452461008628087
"Flume 16","ALAN","Prey","Tanypodinae",8.44121428571429,11.1222244072808,-25.4379285714286,45.0832764667314,4.05344064423112,0.111222244072808,0.450832764667314
"Flume 1","ALAN + Crayfish","Prey","Chironomidae",8.16921428571429,10.4808871503136,-26.5809285714286,44.9104695523948,4.28498741645654,0.104808871503136,0.449104695523948
"Flume 1","ALAN + Crayfish","Prey","Chironomidae",8.07221428571428,10.4455688205506,-26.5189285714286,44.9758643602763,4.30573625361509,0.104455688205506,0.449758643602763
"Flume 1","ALAN + Crayfish","Prey","Chironomidae",8.13821428571429,10.5435501371194,-26.6009285714286,44.9617065160003,4.26438020697687,0.105435501371194,0.449617065160003
"Flume 2","Crayfish","Prey","Chironomidae",7.95921428571429,10.8186895515296,-26.2259285714286,44.6603552845034,4.12807439124537,0.108186895515296,0.446603552845034
"Flume 2","Crayfish","Prey","Chironomidae",7.93721428571429,10.82489544904,-26.1769285714286,44.7883192226952,4.13752903513421,0.1082489544904,0.447883192226952
"Flume 2","Crayfish","Prey","Chironomidae",7.94021428571429,10.7339581532417,-26.1589285714286,44.6020423638451,4.15522789702465,0.107339581532417,0.446020423638451
"Flume 3","ALAN","Prey","Chironomidae",7.84721428571429,10.803741547964,-26.0989285714286,45.0845099421674,4.1730459528314,0.10803741547964,0.450845099421674
"Flume 3","ALAN","Prey","Chironomidae",7.86821428571429,10.6823774174593,-26.0869285714286,44.5200157612701,4.16761307164699,0.106823774174593,0.445200157612701
"Flume 3","ALAN","Prey","Chironomidae",7.89121428571429,10.8100713925969,-26.1279285714286,45.0037274115624,4.16312952774601,0.108100713925969,0.450037274115624
"Flume 4","Control","Prey","Chironomidae",7.49021428571429,11.6670781957567,-26.3139285714286,44.8830775121812,3.84698523135852,0.116670781957567,0.448830775121812
"Flume 4","Control","Prey","Chironomidae",7.37921428571429,11.6031135215113,-26.3469285714286,44.5918254580326,3.84309137158424,0.116031135215113,0.445918254580326
"Flume 4","Control","Prey","Chironomidae",7.37521428571429,11.5585811742524,-26.2959285714286,44.676030183018,3.8651828896212,0.115585811742524,0.44676030183018
"Flume 5","Crayfish","Prey","Chironomidae",7.66221428571429,11.7244164064135,-25.6719285714286,45.0413630919631,3.84167207395709,0.117244164064135,0.450413630919631
"Flume 5","Crayfish","Prey","Chironomidae",7.60921428571429,11.7273728898532,-25.7219285714286,44.9726713037902,3.83484619498215,0.117273728898532,0.449726713037902
"Flume 5","Crayfish","Prey","Chironomidae",7.76221428571429,11.6596038057292,-25.6119285714286,44.5817899571038,3.82361105059141,0.116596038057292,0.445817899571038
"Flume 6","ALAN","Prey","Chironomidae",8.14721428571429,10.7175651999397,-26.0169285714286,43.6668817176623,4.07432853479705,0.107175651999397,0.436668817176623
"Flume 6","ALAN","Prey","Chironomidae",8.17521428571429,11.0298284761203,-25.9379285714286,44.8179805738407,4.06334338479262,0.110298284761203,0.448179805738407
"Flume 6","ALAN","Prey","Chironomidae",8.16721428571429,10.8074354051624,-26.0459285714286,44.7763545692954,4.14310637914219,0.108074354051624,0.447763545692954
"Flume 7","Control","Prey","Chironomidae",7.87221428571429,11.2673321281147,-24.8759285714286,44.8127720371575,3.97723006010791,0.112673321281147,0.448127720371575
"Flume 7","Control","Prey","Chironomidae",7.70321428571429,11.1575889381638,-24.9959285714286,44.9754870653388,4.03093242765945,0.111575889381638,0.449754870653388
"Flume 7","Control","Prey","Chironomidae",7.80421428571429,11.3304907092884,-24.8129285714286,44.9241675654277,3.96489161132275,0.113304907092884,0.449241675654277
"Flume 8","ALAN + Crayfish","Prey","Chironomidae",6.62821428571429,11.4111934863798,-26.9499285714286,44.7589800450677,3.92237499946797,0.114111934863798,0.447589800450677
"Flume 8","ALAN + Crayfish","Prey","Chironomidae",6.63721428571429,11.4553149736781,-26.9279285714286,44.4639326818851,3.8815111399428,0.114553149736781,0.444639326818851
"Flume 8","ALAN + Crayfish","Prey","Chironomidae",6.63721428571429,11.4028987352875,-26.8809285714286,44.3893000295969,3.8928084042551,0.114028987352875,0.443893000295969
"Flume 9","ALAN","Prey","Chironomidae",7.43821428571429,11.4404238479619,-26.6859285714286,45.3299661098447,3.96226282454737,0.114404238479619,0.453299661098447
"Flume 9","ALAN","Prey","Chironomidae",7.38021428571429,11.5326737991128,-26.5839285714286,45.281244705065,3.92634401126897,0.115326737991128,0.45281244705065
"Flume 9","ALAN","Prey","Chironomidae",7.43421428571429,11.2561518453029,-26.6459285714286,45.0491516416189,4.00218051966114,0.112561518453029,0.450491516416189
"Flume 10","Control","Prey","Chironomidae",7.50721428571429,10.5756244882376,-25.3269285714286,44.2302584989173,4.18228337703472,0.105756244882376,0.442302584989173
"Flume 10","Control","Prey","Chironomidae",7.56721428571429,10.6319471478034,-25.3249285714286,44.7272388567944,4.20687182084376,0.106319471478034,0.447272388567944
"Flume 10","Control","Prey","Chironomidae",7.66021428571429,10.600025959222,-25.2769285714286,44.5093252195557,4.19898266200309,0.10600025959222,0.445093252195557
"Flume 11","ALAN + Crayfish","Prey","Chironomidae",7.50321428571429,11.4975645391243,-25.4549285714286,44.6145079708169,3.8803442084627,0.114975645391243,0.446145079708169
"Flume 11","ALAN + Crayfish","Prey","Chironomidae",7.60321428571429,10.8210186315237,-25.3359285714286,44.300939616208,4.09397129094214,0.108210186315237,0.44300939616208
"Flume 11","ALAN + Crayfish","Prey","Chironomidae",7.54621428571429,11.1906737931917,-25.4409285714286,44.2765337570291,3.95655655551024,0.111906737931917,0.442765337570291
"Flume 12","Crayfish","Prey","Chironomidae",8.37421428571429,10.0436618799337,-25.5909285714286,44.5101250148278,4.4316630275811,0.100436618799337,0.445101250148278
"Flume 12","Crayfish","Prey","Chironomidae",8.24721428571429,10.2275678648957,-25.5169285714286,44.5657602205263,4.35741525348273,0.102275678648957,0.445657602205263
"Flume 12","Crayfish","Prey","Chironomidae",8.35721428571429,10.147151224153,-25.5949285714286,44.5755305164591,4.39291083100815,0.10147151224153,0.445755305164591
"Flume 13","Control","Prey","Chironomidae",8.12721428571429,10.9247000598115,-25.8289285714286,45.162537471166,4.13398420312743,0.109247000598115,0.45162537471166
"Flume 13","Control","Prey","Chironomidae",8.02021428571429,10.8595268768561,-25.7829285714286,44.9868610348839,4.14261703525596,0.108595268768561,0.449868610348839
"Flume 13","Control","Prey","Chironomidae",8.12921428571429,11.0240729424694,-25.7409285714286,45.2312600767816,4.10295362819413,0.110240729424694,0.452312600767816
"Flume 14","ALAN + Crayfish","Prey","Chironomidae",7.18921428571429,11.4774578310827,-26.1259285714286,44.7549402380261,3.89937744896983,0.114774578310827,0.447549402380261
"Flume 14","ALAN + Crayfish","Prey","Chironomidae",7.14621428571429,11.627795402235,-26.1579285714286,44.4979390008062,3.82685947434656,0.11627795402235,0.444979390008062
"Flume 14","ALAN + Crayfish","Prey","Chironomidae",7.3442,11.9201516427983,-26.1757333333333,45.3185961632366,3.80184728527478,0.119201516427983,0.453185961632366
"Flume 15","Crayfish","Prey","Chironomidae",7.4942,11.5237841657024,-26.1097333333333,45.704817543671,3.96612925810428,0.115237841657024,0.45704817543671
"Flume 15","Crayfish","Prey","Chironomidae",7.3852,11.5049761973379,-26.1027333333333,45.6714819372872,3.96971546519626,0.115049761973379,0.456714819372872
"Flume 15","Crayfish","Prey","Chironomidae",7.3612,11.4861629435393,-26.0437333333333,44.6847928715903,3.89031507660481,0.114861629435393,0.446847928715903
"Flume 16","ALAN","Prey","Chironomidae",7.8182,10.9020231357852,-26.3797333333333,45.8904791195786,4.20935440587593,0.109020231357852,0.458904791195786
"Flume 16","ALAN","Prey","Chironomidae",7.8202,10.9503340987987,-26.3347333333333,45.9804830406039,4.19900275423085,0.109503340987987,0.459804830406039
"Flume 16","ALAN","Prey","Chironomidae",7.8602,10.9544653138565,-26.3357333333333,45.7406524769758,4.17552579395341,0.109544653138565,0.457406524769758
"Flume 1","ALAN + Crayfish","Prey","Cicadellidae",2.8372,9.59832541008673,-28.8297333333333,50.0016513816641,5.20941406394891,0.0959832541008673,0.500016513816641
"Flume 1","ALAN + Crayfish","Prey","Cicadellidae",2.9972,9.53004298510376,-28.8247333333333,49.7363058407859,5.21889627554963,0.0953004298510376,0.497363058407859
"Flume 1","ALAN + Crayfish","Prey","Cicadellidae",2.9072,9.76119167771601,-28.6567333333333,50.1494416059148,5.13763516399353,0.0976119167771601,0.501494416059148
"Flume 2","Crayfish","Prey","Cicadellidae",2.7882,10.0684048492637,-26.3527333333333,48.4975254735452,4.81680327714395,0.100684048492637,0.484975254735452
"Flume 2","Crayfish","Prey","Cicadellidae",2.8892,0.986781194996238,-26.3997333333333,4.79531299222095,4.85955044191862,0.00986781194996238,0.0479531299222095
"Flume 2","Crayfish","Prey","Cicadellidae",2.7892,10.2263613474018,-26.3367333333333,48.4994856222948,4.74259455291172,0.102263613474018,0.484994856222948
"Flume 3","ALAN","Prey","Cicadellidae",2.1372,10.6419627190804,-26.7717333333333,48.151901683739,4.52472001216521,0.106419627190804,0.48151901683739
"Flume 3","ALAN","Prey","Cicadellidae",2.2632,10.6932480851334,-26.8277333333333,47.9169735384859,4.48104945821876,0.106932480851334,0.479169735384859
"Flume 3","ALAN","Prey","Cicadellidae",1.9562,10.5547126657294,-26.7117333333333,46.8824729158207,4.44185212810631,0.105547126657294,0.468824729158207
"Flume 4","Control","Prey","Cicadellidae",0.787200000000001,10.1737570161976,-26.8757333333333,48.7729394005851,4.79399491485143,0.101737570161976,0.487729394005851
"Flume 4","Control","Prey","Cicadellidae",0.981200000000001,10.3312697373115,-27.0017333333333,48.5236863465126,4.69677857420265,0.103312697373115,0.485236863465126
"Flume 4","Control","Prey","Cicadellidae",0.9072,10.1996295158875,-27.0517333333333,48.527541754952,4.75777494460585,0.101996295158875,0.48527541754952
"Flume 5","Crayfish","Prey","Cicadellidae",2.7302,9.73699077139247,-27.8247333333333,50.3012719228518,5.16599769927258,0.0973699077139247,0.503012719228518
"Flume 5","Crayfish","Prey","Cicadellidae",2.7352,9.64888278236965,-27.9427333333333,50.6433135370746,5.24861941836517,0.0964888278236965,0.506433135370747
"Flume 5","Crayfish","Prey","Cicadellidae",2.7262,9.39912626981716,-27.9527333333333,50.3681446910218,5.35881136662308,0.0939912626981716,0.503681446910218
"Flume 6","ALAN","Prey","Cicadellidae",3.4722,10.5320912067115,-28.5717333333333,48.9498441479715,4.64768517355589,0.105320912067115,0.489498441479715
"Flume 6","ALAN","Prey","Cicadellidae",3.7112,10.3946117771749,-28.6177333333333,48.4614130147235,4.66216671229011,0.103946117771749,0.484614130147235
"Flume 6","ALAN","Prey","Cicadellidae",3.6182,10.5001914172307,-28.6327333333333,48.9788593409311,4.66456823449499,0.105001914172307,0.489788593409311
"Flume 7","Control","Prey","Cicadellidae",4.0472,9.32916886081182,-27.8207333333333,49.4496310663256,5.30053982343959,0.0932916886081182,0.494496310663256
"Flume 7","Control","Prey","Cicadellidae",4.0912,9.5835120332917,-27.5777333333333,49.6564805174945,5.18144917489489,0.095835120332917,0.496564805174945
"Flume 7","Control","Prey","Cicadellidae",3.8232,9.35900733094628,-27.6247333333333,49.3482183508238,5.27280475437284,0.0935900733094628,0.493482183508238
"Flume 8","ALAN + Crayfish","Prey","Cicadellidae",-0.179799999999999,10.1129926726314,-26.5527333333333,48.1731190086504,4.76348797710694,0.101129926726314,0.481731190086504
"Flume 8","ALAN + Crayfish","Prey","Cicadellidae",0.0112000000000006,10.1423092809304,-26.5937333333333,47.5284380145239,4.68615546006737,0.101423092809304,0.475284380145239
"Flume 8","ALAN + Crayfish","Prey","Cicadellidae",0.0222000000000006,10.0955286007117,-26.5657333333333,47.6790372362545,4.72278759458848,0.100955286007117,0.476790372362545
"Flume 9","ALAN","Prey","Cicadellidae",0,8.8350098808481,-27.7367333333333,50.2711781738907,5.68999682534197,0.088350098808481,0.502711781738907
"Flume 9","ALAN","Prey","Cicadellidae",2.3772,9.46777857547047,-27.6677333333333,50.0213362266441,5.28332341403098,0.0946777857547047,0.500213362266441
"Flume 9","ALAN","Prey","Cicadellidae",2.6832,9.60707529685274,-27.6637333333333,49.7670846185589,5.18025341540338,0.0960707529685274,0.497670846185589
"Flume 10","Control","Prey","Cicadellidae",2.5852,10.4724238400593,-27.0547333333333,49.3404891653496,4.71146793893229,0.104724238400593,0.493404891653496
"Flume 10","Control","Prey","Cicadellidae",2.4062,10.4045926714887,-26.9527333333333,48.414668633214,4.65320173137417,0.104045926714887,0.48414668633214
"Flume 10","Control","Prey","Cicadellidae",2.2852,10.4140628731864,-26.8537333333333,48.3938009105903,4.64696646255058,0.104140628731864,0.483938009105903
"Flume 11","ALAN + Crayfish","Prey","Cicadellidae",1.8132,9.6712639037182,-26.8257333333333,49.5525930330851,5.12369360679261,0.096712639037182,0.495525930330851
"Flume 11","ALAN + Crayfish","Prey","Cicadellidae",1.3312,9.38621215896079,-26.5347333333333,48.5862339094509,5.17634090159222,0.0938621215896079,0.485862339094509
"Flume 11","ALAN + Crayfish","Prey","Cicadellidae",1.5452,9.47357151110246,-26.8977333333333,49.3815628420174,5.21256030887033,0.0947357151110246,0.493815628420174
"Flume 12","Crayfish","Prey","Cicadellidae",-0.296799999999999,10.5045191906064,-25.9387333333333,48.1328107233992,4.58210507782611,0.105045191906064,0.481328107233992
"Flume 12","Crayfish","Prey","Cicadellidae",-0.0867999999999994,10.2968806080374,-25.8897333333333,48.0580834839552,4.66724684041131,0.102968806080374,0.480580834839552
"Flume 12","Crayfish","Prey","Cicadellidae",-0.139799999999999,10.2705584475379,-25.7417333333333,46.9291511104893,4.56928913361467,0.102705584475379,0.469291511104893
"Flume 13","Control","Prey","Cicadellidae",-0.138799999999999,10.0877333830363,-25.7297333333333,48.523806840505,4.810179353283,0.100877333830363,0.48523806840505
"Flume 13","Control","Prey","Cicadellidae",-0.204799999999999,10.1259257312709,-25.7257333333333,48.430446857312,4.78281671647553,0.101259257312709,0.48430446857312
"Flume 13","Control","Prey","Cicadellidae",-0.0347999999999994,10.3160252485893,-25.3437333333333,48.0629582496078,4.65905783394439,0.103160252485893,0.480629582496078
"Flume 14","ALAN + Crayfish","Prey","Cicadellidae",0.745200000000001,10.4976208014207,-26.7507333333333,47.5483731316157,4.52944281671718,0.104976208014207,0.475483731316157
"Flume 14","ALAN + Crayfish","Prey","Cicadellidae",0.8902,10.3956901054813,-26.6877333333333,47.6967806005682,4.5881302844358,0.103956901054813,0.476967806005682
"Flume 14","ALAN + Crayfish","Prey","Cicadellidae",0.916200000000001,10.4195353918344,-26.7767333333333,47.55303396303,4.56383439133924,0.104195353918344,0.4755303396303
"Flume 15","Crayfish","Prey","Cicadellidae",0.609200000000001,9.62911017239719,-27.9147333333333,49.3580857805592,5.12592388048992,0.0962911017239719,0.493580857805592
"Flume 15","Crayfish","Prey","Cicadellidae",0.696200000000001,9.48724443080773,-27.9007333333333,48.8543936389336,5.14948191703481,0.0948724443080773,0.488543936389336
"Flume 15","Crayfish","Prey","Cicadellidae",0.395200000000001,9.15686719557052,-27.7897333333333,47.305024981976,5.16607088119165,0.0915686719557052,0.47305024981976
"Flume 16","ALAN","Prey","Cicadellidae",2.0232,9.62988214496906,-27.7457333333333,48.2032610750038,5.00559200510949,0.0962988214496906,0.482032610750038
"Flume 16","ALAN","Prey","Cicadellidae",2.0192,9.40863317037894,-27.8597333333333,47.8227820768649,5.08286179414717,0.0940863317037894,0.478227820768649
"Flume 16","ALAN","Prey","Cicadellidae",2.1232,10.6520746522727,-27.7927333333333,53.2464547675992,4.9986933537157,0.106520746522727,0.532464547675992
"Flume 1","ALAN + Crayfish","Prey","Curculionidae",1.7092,9.93249299973701,-28.3437333333333,48.854694524512,4.91867394477958,0.09932492999737,0.48854694524512
"Flume 1","ALAN + Crayfish","Prey","Curculionidae",1.7312,10.1853745003417,-28.0677333333333,46.9428225365629,4.60884600119398,0.101853745003417,0.469428225365629
"Flume 1","ALAN + Crayfish","Prey","Curculionidae",1.7592,9.84349675858945,-28.3607333333333,48.4927359621341,4.92637292939821,0.0984349675858945,0.484927359621341
"Flume 2","Crayfish","Prey","Curculionidae",2.7682,9.92210881681962,-26.4777333333333,48.0447783316663,4.84219425715453,0.0992210881681962,0.480447783316663
"Flume 2","Crayfish","Prey","Curculionidae",2.4512,9.90736624489812,-26.5937333333333,47.7222356802247,4.81684380092435,0.0990736624489812,0.477222356802247
"Flume 2","Crayfish","Prey","Curculionidae",2.56908333333333,9.80561572811821,-26.4405,47.2930015967202,4.82305271877059,0.0980561572811821,0.472930015967202
"Flume 3","ALAN","Prey","Curculionidae",1.85408333333333,9.45107445896014,-26.8855,46.9478126937452,4.96745771050783,0.0945107445896014,0.469478126937452
"Flume 3","ALAN","Prey","Curculionidae",2.28708333333333,10.0295186136425,-26.6055,46.7324760032777,4.65949342171922,0.100295186136425,0.467324760032777
"Flume 3","ALAN","Prey","Curculionidae",2.14908333333333,9.62636707014368,-26.7165,47.0097942234451,4.88344085374083,0.0962636707014368,0.470097942234451
"Flume 4","Control","Prey","Curculionidae",1.73008333333333,9.83597216651727,-27.4635,47.5577091284609,4.83507967726389,0.0983597216651727,0.475577091284609
"Flume 4","Control","Prey","Curculionidae",1.91808333333333,9.67439524520366,-28.1335,0,0,0.0967439524520366,0
"Flume 4","Control","Prey","Curculionidae",1.66808333333333,10.1653676458919,-27.4235,47.176838839985,4.64093778832,0.101653676458919,0.47176838839985
"Flume 5","Crayfish","Prey","Curculionidae",2.02508333333333,9.94722721095417,-28.0535,46.5178858127627,4.67646760511672,0.0994722721095417,0.465178858127627
"Flume 5","Crayfish","Prey","Curculionidae",2.78208333333333,9.6478287070581,-28.0845,46.024522985539,4.7704539936399,0.096478287070581,0.46024522985539
"Flume 5","Crayfish","Prey","Curculionidae",2.79608333333333,9.34655734075144,-28.0375,45.0627256114793,4.82131804990953,0.0934655734075144,0.450627256114793
"Flume 6","ALAN","Prey","Curculionidae",1.43608333333333,10.1612388067019,-28.0095,46.7584267428026,4.60164627879457,0.101612388067019,0.467584267428026
"Flume 6","ALAN","Prey","Curculionidae",1.20108333333333,9.8895981116252,-28.0055,48.631535942977,4.91744309466031,0.098895981116252,0.48631535942977
"Flume 6","ALAN","Prey","Curculionidae",1.31608333333333,9.72442186990992,-27.9555,47.3994146116522,4.87426556002463,0.0972442186990992,0.473994146116522
"Flume 7","Control","Prey","Curculionidae",2.59308333333333,9.35731161519041,-26.7265,45.8228368736982,4.89700875188453,0.0935731161519041,0.458228368736982
"Flume 7","Control","Prey","Curculionidae",2.40408333333333,9.66238421880843,-26.7065,47.1896733902628,4.88385395588029,0.0966238421880843,0.471896733902628
"Flume 7","Control","Prey","Curculionidae",2.73208333333333,9.64041544402162,-26.6845,47.1683345378244,4.89276990309326,0.0964041544402162,0.471683345378244
"Flume 8","ALAN + Crayfish","Prey","Curculionidae",2.05908333333333,9.88451060691387,-27.8665,46.1665810549365,4.67059856485405,0.0988451060691387,0.461665810549365
"Flume 8","ALAN + Crayfish","Prey","Curculionidae",2.11808333333333,9.9616823506492,-27.6035,45.0717969128167,4.52451657524288,0.099616823506492,0.450717969128167
"Flume 8","ALAN + Crayfish","Prey","Curculionidae",2.47608333333333,10.0826981132308,-27.7255,45.7727904318515,4.5397362806873,0.100826981132308,0.457727904318515
"Flume 9","ALAN","Prey","Curculionidae",1.34108333333333,9.72767619191314,-27.7625,46.7217682385131,4.80297321958086,0.0972767619191314,0.467217682385131
"Flume 9","ALAN","Prey","Curculionidae",1.23008333333333,9.3503280852865,-27.9115,44.5732960350218,4.76703016498014,0.093503280852865,0.445732960350218
"Flume 9","ALAN","Prey","Curculionidae",1.59908333333333,9.93923282596949,-27.7875,46.8496413399044,4.71360739407316,0.0993923282596949,0.468496413399044
"Flume 10","Control","Prey","Curculionidae",3.81008333333333,8.96223381608125,-26.7315,47.9092021025941,5.34567643355041,0.0896223381608125,0.479092021025941
"Flume 10","Control","Prey","Curculionidae",3.67908333333333,9.66530155654031,-26.4235,47.3934031473231,4.90345830081762,0.0966530155654031,0.473934031473231
"Flume 10","Control","Prey","Curculionidae",3.64808333333333,9.54239592596129,-26.5125,47.7471720502762,5.00368800673781,0.0954239592596129,0.477471720502762
"Flume 11","ALAN + Crayfish","Prey","Curculionidae",1.46008333333333,10.2803733018128,-26.6655,45.9519151666039,4.46986834208646,0.102803733018128,0.459519151666039
"Flume 11","ALAN + Crayfish","Prey","Curculionidae",1.61308333333333,10.3384283226773,-26.8175,45.8411415460859,4.43405323471978,0.103384283226773,0.458411415460859
"Flume 11","ALAN + Crayfish","Prey","Curculionidae",1.42208333333333,10.4131136346124,-26.5775,45.5818312785298,4.37734887738276,0.104131136346124,0.455818312785298
"Flume 12","Crayfish","Prey","Curculionidae",3.45008333333333,9.61911780351303,-27.3635,46.0739188962059,4.78982790702273,0.0961911780351303,0.460739188962059
"Flume 12","Crayfish","Prey","Curculionidae",3.46308333333333,9.8127498649717,-27.1655,45.8735895673693,4.67489645599986,0.098127498649717,0.458735895673693
"Flume 12","Crayfish","Prey","Curculionidae",3.24008333333333,9.75715058766462,-27.3815,46.2919052061425,4.74440819481321,0.0975715058766462,0.462919052061425
"Flume 13","Control","Prey","Curculionidae",2.15708333333333,9.57976482330843,-26.3085,47.394037128786,4.94730695407804,0.0957976482330843,0.47394037128786
"Flume 13","Control","Prey","Curculionidae",2.73308333333333,9.69869876977529,-26.1105,47.7394900438129,4.92225721996715,0.0969869876977529,0.477394900438129
"Flume 13","Control","Prey","Curculionidae",2.37408333333333,9.6129830869492,-26.2675,47.7301747075967,4.96517826733683,0.096129830869492,0.477301747075967
"Flume 14","ALAN + Crayfish","Prey","Curculionidae",2.04708333333333,10.133684380791,-27.1835,47.1790456321179,4.65566558610691,0.10133684380791,0.471790456321179
"Flume 14","ALAN + Crayfish","Prey","Curculionidae",2.37808333333333,9.661736931445,-27.3165,47.7109713562029,4.93813604062466,0.09661736931445,0.477109713562029
"Flume 14","ALAN + Crayfish","Prey","Curculionidae",2.02308333333333,9.39303663914894,-27.4215,47.9912523674054,5.10923721593762,0.0939303663914894,0.479912523674054
"Flume 15","Crayfish","Prey","Curculionidae",1.43408333333333,9.23310466628978,-27.6165,48.119163954233,5.21159086714536,0.0923310466628978,0.48119163954233
"Flume 15","Crayfish","Prey","Curculionidae",1.57908333333333,9.2550743206759,-27.5715,47.7187743029051,5.15595798040227,0.092550743206759,0.477187743029051
"Flume 15","Crayfish","Prey","Curculionidae",1.48908333333333,9.27171526467155,-27.6825,47.8834493721081,5.16446504289887,0.0927171526467155,0.478834493721081
"Flume 16","ALAN","Prey","Curculionidae",2.15608333333333,9.71013131302026,-28.4755,46.9575698780246,4.83593561861099,0.0971013131302026,0.469575698780246
"Flume 16","ALAN","Prey","Curculionidae",2.18908333333333,9.91828995718508,-28.2715,46.7755433609567,4.71608952378643,0.0991828995718508,0.467755433609567
"Flume 16","ALAN","Prey","Curculionidae",2.58008333333333,2.515040865721,-28.1715,12.2577592504532,4.87378134388254,0.02515040865721,0.122577592504532
